{
    "index": "index.ejs",
    "notfound": "404.ejs",
    "redirect": {
        "callback": "/dashboard",
        "failedcallback": "/",
        "logout": "/",
        "deleteserver": "/servers",
        "updateservers": "/dashboard",
        "createserver": "/servers",
        "failedcreateserver": "/servers/new",
        "modifyserver": "/servers",
        "failedmodifyserver": "/servers/edit",
        "setplan": "/admin",
        "failedsetplan": "/admin",
        "getip": "/admin",
        "failedgetip": "/admin",
        "createserverdisabled": "/servers?err=disabled",
        "modifyserverdisabled": "/servers?err=disabled",
        "deleteserverdisabled": "/servers?err=disabled",
        "regenpassword": "/dashboard",
        "setresources": "/admin",
        "failedsetresources": "/admin",
        "renewserver": "/servers",
        "failedrenewserver": "/servers",
        "setcoins": "/admin",
        "failedsetcoins": "/admin",
        "purchaseram": "/store",
        "failedpurchaseram": "/store",
        "purchasedisk": "/store",
        "failedpurchasedisk": "/store",
        "purchasecpu": "/store",
        "failedpurchasecpu": "/store",
        "purchaseservers": "/store",
        "failedpurchaseservers": "/store",
        "arcioerror": "/dashboard",
        "missingorinvalidcouponcode": "/redeem",
        "successfullyredeemedcoupon": "/redeem",
        "couponcreationfailed": "/admin",
        "couponcreationsuccess": "/admin",
        "couponrevokefailed": "/admin",
        "couponrevokesuccess": "/admin",
        "removeaccountfailed": "/admin",
        "removeaccountsuccess": "/admin"
    },
    "pages": {
        "dashboard": "dashboard.ejs",
        "servers": "servers.ejs",
        "servers/new": "create.ejs",
        "servers/edit": "edit.ejs",
        "admin": "admin.ejs",
        "store": "store.ejs",
        "afk": "arcio.ejs",
        "redeem": "redeem.ejs",
        "faq": "faq.ejs",
        "profile": "profile.ejs",
        "j4r": "j4r.ejs"
    },
    "mustbeloggedin": [
        "/dashboard",
        "/servers",
        "/servers/new",
        "/servers/edit",
        "/store",
        "/afk",
        "/redeem",
        "/profile",
        "/j4r"
    ],
    "mustbeadmin": [
        "/admin"
    ],
    "generateafktoken": [
        "/afk"
    ],
    "variables": {
        "footerad": true,
        "faviconlink": "https://cdn.discordapp.com/attachments/917136625639763998/940108781336002610/1644156986906.png",
        "name":"Relaictyl",
        "home": {
            "title": "Home - Relaictyl",
            "buttontext": {
                "loggedin": {
                    "text": "Dashboard",
                    "link": "/dashboard"
                },
                "loggedout": {
                    "_note": "This below supports HTML encoding.",

                    "text": "<img src=\"https://i.imgur.com/EYGXn9D.png\" width=\"25\" /> Login with Discord",
                    "link": "/login"
                }
            }
        },
        "dashboard": {
            "title": "Dashboard - Relaictyl"
        },
        "servers": {
            "title": {
                "list": "Servers - Relaictyl",
                "create": "Create Server - Relaictyl",
                "modify": "Modify Server - Relaictyl"
            }
        },
        "error": {
            "title": "404 - Relaictyl"
        },
        "admin": {
            "title": {
                "default": "Admin - Relaictyl"
            }
        },
        "store": {
            "title": "Store - Relaictyl"
        },
        "arcio": {
            "title": "AFK Page - Relaictyl"
        },
        "maintenance": {
            "title": "Maintenance - Relaictyl"
        },
        "redeem": {
            "title": "Redeem - Relaictyl"
        },
        "faq": {
            "title": "FAQ - Relaictyl"
        },
        "profile": {
            "title": "Profile - Relaictyl"
        },
        "j4r": {
            "title": "Join for Resources - Relaictyl"
        }
    }
}
